node1%0,node2%1,support,frequency,resemblance
#1_1,a,0.2121212121,3,0.5
#1_1,b,0.1818181818,2,0.2857142857
#1_1,d,0.2121212121,2,0.3333333333
#1_1,e,0.2424242424,3,0.5
#1_2,c,0.1818181818,2,0.6666666667
#1_2,f,0.1818181818,2,0.6666666667
#1_3,g,0.1818181818,2,1
#1_3,h,0.1818181818,2,1
