node,support,frequency,total,cluster
a,0.4666666667,7,15,
b,0.4,6,15,
d,0.2666666667,4,15,
e,0.3333333333,5,15,
#1_1,0.6666666667,10,15,
c,0.3333333333,5,15,
#1_2,0.4,6,15,
#2_1,0.8,12,15,
f,0.2,3,15,
#3_1,,,,
