alpha,leafSize,errorRate,SE,up,lo
0,9,0,0,0,0
0.008729713348,7,0.01234567901,0.01226923444,0.02461491346,7.64445679e-05
0.0213833433,5,0.03703703704,0.0209836194,0.05802065643,0.01605341764
0.04781460921,4,0.07407407407,0.02909904449,0.1031731186,0.04497502958
0.06762006883,3,0.1358024691,0.03806429884,0.173866768,0.0977381703
0.1171213948,2,0.2098765432,0.04524670097,0.2551232442,0.1646298422
1.797693135e+308,1,0.3950617284,0.05431821639,0.4493799448,0.340743512
