cluster%0,node1%1,node2%2,support,frequency,resemblance,dir
#1_1,a,b,0.1818181818,2,0.3333333333,B
#1_1,a,d,0.1818181818,2,0.3333333333,N
#1_1,a,e,0.2727272727,3,0.5,F
#1_1,b,d,0.1818181818,2,0.3333333333,W
#1_1,b,e,0.1818181818,2,0.2857142857,W
#1_1,d,e,0.2727272727,3,0.5,
#1_2,c,f,0.1818181818,2,0.6666666667,B
#1_3,g,h,0.1818181818,2,1,N
#2_1,#1_1,#1_2,0.2727272727,3,0.375,F
