cluster%0,node%1,support,frequency,total
#1_1,a,0.4666666667,7,15
#1_1,b,0.4,6,15
#1_2,d,0.2666666667,4,15
#1_2,e,0.3333333333,5,15
#2_1,#1_1,0.6666666667,10,15
#2_1,c,0.3333333333,5,15
#3_1,#1_2,0.4,6,15
#3_1,#2_1,0.8,12,15
#3_1,f,0.2,3,15
