cluster%0,node%1,support,frequency,total,class1,class2,class3,class4
,i,0.09090909091,1,11,A,A,12,12
,j,0.09090909091,1,11,A,A,1,1
#1_1,a,0.3636363636,4,11,A,A,10,10
#1_1,b,0.3636363636,4,11,B,B,5,5
#1_1,d,0.3636363636,4,11,B,B,8,8
#1_1,e,0.4545454545,5,11,C,C,2,2
#1_2,c,0.2727272727,3,11,A,A,14,14
#1_2,f,0.1818181818,2,11,A,A,3,3
#1_3,g,0.1818181818,2,11,B,B,2,2
#1_3,h,0.1818181818,2,11,C,C,11,11
#2_1,#1_1,0.7272727273,8,11,,C,,5
#2_1,#1_2,0.2727272727,3,11,,C,,13
